{
    "demo_3": {
        "pose_divergence_last_step": [
            0.00042493740329518914,
            0.00501220440492034,
            2.3713961127214134e-05
        ],
        "pose_divergence_mean": [
            0.004404004663228989,
            0.0066468482837080956,
            0.003893225220963359
        ],
        "pose_divergence_max": [
            0.033935897052288055,
            0.0355721190571785,
            0.03428955376148224
        ],
        "pose_divergence_norm_last_step": 0.0050302413292229176,
        "pose_divergence_norm_mean": 0.009638475254178047,
        "pose_divergence_norm_max": 0.059825997799634933,
        "success": true
    }
}