{
    "demo_3": {
        "pose_divergence_last_step": [
            2.5987077606259845e-05,
            0.00040533897117711604,
            2.384185791015625e-07
        ],
        "pose_divergence_mean": [
            0.006976830307394266,
            0.006427999120205641,
            0.0001617297384655103
        ],
        "pose_divergence_max": [
            0.08533788472414017,
            0.056821346282958984,
            0.0014662753092125058
        ],
        "pose_divergence_norm_last_step": 0.0004061712243128568,
        "pose_divergence_norm_mean": 0.010002111084759235,
        "pose_divergence_norm_max": 0.1000538170337677,
        "success": false
    }
}